<?xml version="1.0" encoding="UTF-8"?>
<!DOCTYPE mapper PUBLIC "-//mybatis.org//DTD Mapper 3.0//EN" "http://mybatis.org/dtd/mybatis-3-mapper.dtd">
<mapper namespace="com.nanjustar.mapper.mapper.system.LoginLogMapper">

    <!-- 通用查询映射结果 -->
    <resultMap id="BaseResultMap" type="com.nanjustar.api.moudle.system.entity.LoginLog">
        <id column="logId" property="logId" />
        <result column="username" property="username" />
        <result column="ip_address" property="ipAddress" />
        <result column="ip_source" property="ipSource" />
        <result column="brower" property="brower" />
        <result column="os" property="os" />
        <result column="status" property="status" />
        <result column="gmt_create" property="gmtCreate" />
        <result column="remark" property="remark" />
    </resultMap>

    <!-- 通用查询结果列 -->
    <sql id="Base_Column_List">
        logId, username, ip_address, ip_source, brower, os, status, gmt_create, remark
    </sql>

</mapper>
