<?xml version="1.0" encoding="UTF-8"?>
<!DOCTYPE mapper PUBLIC "-//mybatis.org//DTD Mapper 3.0//EN" "http://mybatis.org/dtd/mybatis-3-mapper.dtd">
<mapper namespace="com.nanjustar.mapper.mapper.security.MenuMapper">

    <!-- 通用查询映射结果 -->
    <resultMap id="BaseResultMap" type="com.nanjustar.api.moudle.security.entity.Menu">
        <id column="menu_id" property="menuId" />
        <result column="menu_name" property="menuName" />
        <result column="path" property="path" />
        <result column="component" property="component" />
        <result column="icon" property="icon" />
        <result column="order_num" property="orderNum" />
        <result column="parent_id" property="parentId" />
        <result column="is_hidden" property="isHidden" />
        <result column="is_diable" property="isDisable" />
        <result column="del_flag" property="delFlag" />
        <result column="create_by" property="createBy" />
        <result column="gmt_create" property="gmtCreate" />
        <result column="update_by" property="updateBy" />
        <result column="gmt_update" property="gmtUpdate" />
        <result column="remark" property="remark" />
    </resultMap>

    <!-- 通用查询结果列 -->
    <sql id="Base_Column_List">
        menu_id, menu_name, path, component, icon, order_num, parent_id, is_hidden, is_diable, del_flag, create_by, gmt_create, update_by, gmt_update, remark
    </sql>

</mapper>
